username,email,password
user1,user1@example.com,"password123" 
user2,user2@example.com,"password456" 
user3,user3@example.com,"password789" 
user4,user4@example.com,"password101" 
user5,user5@example.com,"password111" 
user6,user6@example.com,"password122" 
user7,user7@example.com,"password133" 
user8,user8@example.com,"password144" 
user9,user9@example.com,"password155" 
user10,user10@example.com,"password166" 
user11,user11@example.com,"password177" 
user12,user12@example.com,"password188" 
user13,user13@example.com,"password199" 
user14,user14@example.com,"password200" 
user15,user15@example.com,"password210" 
user16,user16@example.com,"password220" 
user17,user17@example.com,"password230" 
user18,user18@example.com,"password240" 
user19,user19@example.com,"password250" 
user20,user20@example.com,"password260"